{"cameraMode":{"drawMode":0,"name":"Shaded","section":"Shading Mode"},"sceneLighting":false,"audioPlay":false,"sceneViewState":{"showFog":true,"showMaterialUpdate":false,"showSkybox":true,"showFlares":true,"showImageEffects":true,"showParticleSystems":true},"in2DMode":false,"pivot":{"x":90.00001525878906,"y":212.00003051757813,"z":0.0000171661376953125},"rotation":{"x":-0.15613104403018952,"y":0.039688095450401309,"z":-0.0062783644534647469,"w":-0.9869187474250794},"size":268.6005554199219,"orthographic":true}